variable	mean	sd	q001	q099
D_1	-0.0904169851741646	0.885262812950707	-1.9783502	1.9637808
D_2	0.839197881184065	1.28007444502075	-2.26224	3.0164311
Fst	0.147273299141681	0.135043503563294	-0.039940006	0.56674909
pi_1	13.991224291723	7.42026752660019	3.66667	39.2917
pi_2	9.556989902151	7.25264630890967	0.25	34.6333
